{"cameraMode":{"drawMode":0,"name":"Shaded","section":"Shading Mode"},"sceneLighting":false,"audioPlay":false,"sceneViewState":{"showFog":true,"showMaterialUpdate":false,"showSkybox":true,"showFlares":true,"showImageEffects":true,"showParticleSystems":true},"in2DMode":false,"pivot":{"x":-321.94000244140627,"y":57.689998626708987,"z":98.41000366210938},"rotation":{"x":0.33695679903030398,"y":0.5784541964530945,"z":-0.2839403450489044,"w":0.6864610314369202},"size":10.21485710144043,"orthographic":false}