{"cameraMode":{"drawMode":0,"name":"Shaded","section":"Shading Mode"},"sceneLighting":true,"audioPlay":false,"sceneViewState":{"showFog":true,"showMaterialUpdate":false,"showSkybox":true,"showFlares":true,"showImageEffects":true,"showParticleSystems":true},"in2DMode":false,"pivot":{"x":-9.004905700683594,"y":-1.6753044128417969,"z":24.269439697265626},"rotation":{"x":0.2040853500366211,"y":0.12706990540027619,"z":-0.02672707661986351,"w":0.9703031182289124},"size":40.010372161865237,"orthographic":false}