{"cameraMode":{"drawMode":0,"name":"Shaded","section":"Shading Mode"},"sceneLighting":false,"audioPlay":false,"sceneViewState":{"showFog":true,"showMaterialUpdate":false,"showSkybox":true,"showFlares":true,"showImageEffects":true,"showParticleSystems":true},"in2DMode":false,"pivot":{"x":-296.1729431152344,"y":62.40318298339844,"z":25.07135581970215},"rotation":{"x":0.33695679903030398,"y":0.5784541964530945,"z":-0.2839403450489044,"w":0.6864610314369202},"size":6.2453155517578129,"orthographic":false}