{"cameraMode":{"drawMode":0,"name":"Shaded","section":"Shading Mode"},"sceneLighting":false,"audioPlay":false,"sceneViewState":{"showFog":true,"showMaterialUpdate":false,"showSkybox":true,"showFlares":true,"showImageEffects":true,"showParticleSystems":true},"in2DMode":false,"pivot":{"x":201.5997772216797,"y":-23.619722366333009,"z":121.73591613769531},"rotation":{"x":0.2224387675523758,"y":-0.7275165319442749,"z":0.2753431797027588,"w":0.5877302289009094},"size":8.693672180175782,"orthographic":false}