{"cameraMode":{"drawMode":0,"name":"Shaded","section":"Shading Mode"},"sceneLighting":false,"audioPlay":false,"sceneViewState":{"showFog":true,"showMaterialUpdate":false,"showSkybox":true,"showFlares":true,"showImageEffects":true,"showParticleSystems":true},"in2DMode":false,"pivot":{"x":-0.000095367431640625,"y":0.6854999661445618,"z":0.0},"rotation":{"x":0.2040853500366211,"y":0.12706990540027619,"z":-0.02672707661986351,"w":0.9703031182289124},"size":20.85451316833496,"orthographic":false}