{"cameraMode":{"drawMode":0,"name":"Shaded","section":"Shading Mode"},"sceneLighting":false,"audioPlay":false,"sceneViewState":{"showFog":true,"showMaterialUpdate":false,"showSkybox":true,"showFlares":true,"showImageEffects":true,"showParticleSystems":true},"in2DMode":false,"pivot":{"x":0.4999690055847168,"y":3.8210573196411135,"z":-0.49797725677490237},"rotation":{"x":0.2040853500366211,"y":0.12706990540027619,"z":-0.02672707661986351,"w":0.9703031182289124},"size":21.02369499206543,"orthographic":false}