{"cameraMode":{"drawMode":0,"name":"Shaded","section":"Shading Mode"},"sceneLighting":false,"audioPlay":false,"sceneViewState":{"showFog":true,"showMaterialUpdate":false,"showSkybox":true,"showFlares":true,"showImageEffects":true,"showParticleSystems":true},"in2DMode":false,"pivot":{"x":-170.54490661621095,"y":57.468017578125,"z":22.7689266204834},"rotation":{"x":0.2224387675523758,"y":-0.7275165319442749,"z":0.2753431797027588,"w":0.5877302289009094},"size":8.814875602722168,"orthographic":false}