{"cameraMode":{"drawMode":0,"name":"Shaded","section":"Shading Mode"},"sceneLighting":false,"audioPlay":false,"sceneViewState":{"showFog":true,"showMaterialUpdate":false,"showSkybox":true,"showFlares":true,"showImageEffects":true,"showParticleSystems":true},"in2DMode":false,"pivot":{"x":-121.68108367919922,"y":30.260223388671876,"z":-16.779014587402345},"rotation":{"x":0.3263727128505707,"y":0.5896409153938294,"z":-0.28178825974464419,"w":0.6829347014427185},"size":421.57110595703127,"orthographic":false}