{"cameraMode":{"drawMode":0,"name":"Shaded","section":"Shading Mode"},"sceneLighting":false,"audioPlay":false,"sceneViewState":{"showFog":true,"showMaterialUpdate":false,"showSkybox":true,"showFlares":true,"showImageEffects":true,"showParticleSystems":true},"in2DMode":false,"pivot":{"x":-251.02748107910157,"y":59.805992126464847,"z":-24.676042556762697},"rotation":{"x":0.2224387675523758,"y":-0.7275165319442749,"z":0.2753431797027588,"w":0.5877302289009094},"size":6.107720851898193,"orthographic":false}