{"cameraMode":{"drawMode":0,"name":"Shaded","section":"Shading Mode"},"sceneLighting":false,"audioPlay":false,"sceneViewState":{"showFog":true,"showMaterialUpdate":false,"showSkybox":true,"showFlares":true,"showImageEffects":true,"showParticleSystems":true},"in2DMode":false,"pivot":{"x":72.87113952636719,"y":4.44758939743042,"z":79.36375427246094},"rotation":{"x":0.2224387675523758,"y":-0.7275165319442749,"z":0.2753431797027588,"w":0.5877302289009094},"size":7.774581432342529,"orthographic":false}