{"cameraMode":{"drawMode":0,"name":"Shaded","section":"Shading Mode"},"sceneLighting":false,"audioPlay":false,"sceneViewState":{"showFog":true,"showMaterialUpdate":false,"showSkybox":true,"showFlares":true,"showImageEffects":true,"showParticleSystems":true},"in2DMode":false,"pivot":{"x":-238.65127563476563,"y":58.42109680175781,"z":-39.86058807373047},"rotation":{"x":0.2224387675523758,"y":-0.7275165319442749,"z":0.2753431797027588,"w":0.5877302289009094},"size":4.09113073348999,"orthographic":false}